Data,Exited
342333142141221331321323144121441111414114311414431421144111231442332133242333122211111133144323312321323331133133322423322232441433211432331432331442144244144141143313144221141442333111433141411114111132414244414314211441412233334334444124241241414424412444214214212441141112344211414424443331444423141443114314144324444313143144331424243144424431142443233241332441423223314242412412442414412444332334422312433433312431441132422131312421422421424412442442131423141433113321441412113131443331141241443314243433224444141332424431143144441443322222222222222224141244112323432324234333144324414243142443424123231432313243114323313343331442231343312232332233231433233341421432444132131442433314313313433344321122222222242122222314214141344442223133422143314412442323412323331133234241233433243322443323331,1
332433224433232224141424324441224314424241433133114332442314414322122223111143311441121313424412411411111411114223243123333144141412432414442424124441244121111433311122311444444112122311322244413144142314141231313122114244421113212111111131324131441143311144424114144112333111422331113111141112431444441213443314431224114232312441143314333323144431132413342431142313141322443242333141124311411433314134411133421432433324421442222324441144413141141241314444331441444443244243144443343344242144143243244243144443313444444143143323244312232444143223123244133244423223142411331224223112123423344441314312311123123312243224441344311444441324214124442411114143142314144133144233231433333314333333143332331442333314333233144233331433311333224233221331411342242222314411423241114131141431411142314233312441122,1
321311331441433122423222414431231324333332412443111243333112243144211113142311411411113443122224142422141324411132223313224121141442333114132214213324114442411121223233123314244222322322244324444141441432442422422444314243214411141443114411144241211114241123241443121132431333224423233233133432232242332432243221332343221424323332444443143234244241443233332223224344141223232233232424343344232323331441314431311131343133231114324223342333142141221331321323144121441111414114311414431421144111231442332133242333122211111133144323312321323331133133322423322232441433211432331432331442144244144141143313144221141442333111433141411114111132414244414314211441412233334334444124241241414424412444214214212441141112344211414424443331444423141443114314144324444313143144331424243144424431142443233241332441423,1
121212114411132414222413444442313321441332433442431244314443241421212413324111323244324212231421221313112212214433332332241413332331432324443244414224344141124431114114212331313234233324442224412422324244121313241443114112424422121441223113344144114132111111124232424314443244413331124141244442314324332224133124114431441241411244112332124432223311332144114431444414214443314411444432414423132313324414241433324323333332443233223331433244431233224142233114433231223143232344113123234114343231343331344123243143113141441444441411421142121213131421332414221111412442231142213112242224132221241344213111143113124312221421411132431322311421332121314324132222111112122212221222122224141244442323132324224333144344414243112442431123224432412243112323343323244442231142412232242433231433233341421432444132131,0
244324212231421221313112212214433332332241413332331432324443244414224344141124431114114212331313234233324442224412422324244121313241443114112424422121441223113344144114132111111124232424314443244413331124141244442314324332224133124114431441241411244112332124432223311332144114431444414214443314411444432414423132313324414241433324323333332443233223331433244431233224142233114433231223143232344113123234114343231343331344123243143113141441444441411421142121213131421332414221111412442231142213112242224132221241344213111143113124312221421411132431322311421332121314324132222111112122212221222122224141244442323132324224333144344414243112442431123224432412243112323343323244442231142412232242433231433233341421432444132131443424243213313133244321122222424222221421414124444322313312422143314432442223311,0
422334233314214122133132132314412144111141411431141443142114411123144233213324233312221111113314432331232132333113313332242332223244143321143233143233144214424414414114331314422114144233311143314141111411113241424441431421144141223333433444412424124141442441244421421421244114111234421141442444333144442314144311431414432444431314314433142424314442443114244323324133244142322331424241241244241441244433233442231243343331243144113242213131242142242142441244244213142314143311332144141211313144333114124144331424343322444414133242443114314444144332222222222222222414124411232343232423433314432441424314244342412323143231324311432331334333144223134331223233223323143323334142143244413213144243331431331343334432112222222224212222231421414134444222313342214331441244232341232333113323424123343324332244332,1
323144121441111414114311414431421144111231442332133242333122211111133144323312321323331133133322423322232441433211432331432331442144244144141143313144221141442333111433141411114111132414244414314211441412233334334444124241241414424412444214214212441141112344211414424443331444423141443114314144324444313143144331424243144424431142443233241332441423223314242412412442414412444332334422312433433312431441132422131312421422421424412442442131423141433113321441412113131443331141241443314243433224444141332424431143144441443322222222222222224141244112323432324234333144324414243142443424123231432313243114323313343331442231343312232332233231433233341421432444132131442433314313313433344321122222222242122222314214141344442223133422143314412442323412323331133234241233433243322443323331114243244412213144312,0
411422142214321311331441433122423222414431231324333332412443111243333112243144211113142311411411113443122224142422141324411132223313224121141442333114132214213324114442411121223233123314244222322322244324444141441432442422422444314243214411141443114411144241211114241123241443121132431333224423233233133432232242332432243221332343221424323332444443143234244241443233332223224344141223232233232424343344232323331441314431311131343133231114324223342333142141221331321323144121441111414114311414431421144111231442332133242333122211111133144323312321323331133133322423322232441433211432331432331442144244144141143313144221141442333111433141411114111132414244414314211441412233334334444124241241414424412444214214212441141112344211414424443331444423141443114314144324444313143144331424243144424431142443233,1
412213313213231441214411114141143114144314211441112314423321332423331222111111331443233123213233311331333224233222324414332114323314323314421442441441411433131442211414423331114331414111141111324142444143142114414122333343344441242412414144244124442142142124411411123442114144244433314444231414431143141443244443131431443314242431444244311424432332413324414232233142424124124424144124443323344223124334333124314411324221313124214224214244124424421314231414331133214414121131314433311412414433142434332244441413324244311431444414433222222222222222241412441123234323242343331443244142431424434241232314323132431143233133433314422313433122323322332314332333414214324441321314424333143133134333443211222222222421222223142141413444422231334221433144124423234123233311332342412334332433224433233311142432444,1
312242322241443123132433333241244311124333311224314421111314231141141111344312222414242214132441113222331322412114144233311413221421332411444241112122323312331424422232232224432444414144143244242242244431424321441114144311441114424121111424112324144312113243133322442323323313343223224233243224322133234322142432333244444314323424424144323333222322434414122323223323242434334423232333144131443131113134313323111432422334233314214122133132132314412144111141411431141443142114411123144233213324233312221111113314432331232132333113313332242332223244143321143233143233144214424414414114331314422114144233311143314141111411113241424441431421144141223333433444412424124141442441244421421421244114111234421141442444333144442314144311431414432444431314314433142424314442443114244323324133244142322331424241241,0
431311131343133231114324223342333142141221331321323144121441111414114311414431421144111231442332133242333122211111133144323312321323331133133322423322232441433211432331432331442144244144141143313144221141442333111433141411114111132414244414314211441412233334334444124241241414424412444214214212441141112344211414424443331444423141443114314144324444313143144331424243144424431142443233241332441423223314242412412442414412444332334422312433433312431441132422131312421422421424412442442131423141433113321441412113131443331141241443314243433224444141332424431143144441443322222222222222224141244112323432324234333144324414243142443424123231432313243114323313343331442231343312232332233231433233341421432444132131442433314313313433344321122222222242122222314214141344442223133422143314412442323412323331133,1
432231422222231132424311214221113331222132224313123231244442212144414423111211431431441411143333332132432313324414443313241311331333221133332332333141413333142243111331413323144344323121444313313313132124234111142422232423123311121323313134311122233223313234412114124324144144443314133211414311231424144112314144332444413332444311331433324234232323314333314324323133123432123241431434323124424444431434332313113323342312424324241324322421412443312443434413434442433444344444242441123113331314324313144431442322443314224431111312322422414443144441421324214411414411441413141422411142314443131142411314121114311324411413443143111411131113124342114313323324311333132143414321414141422443423213133231441432222322222222222222222241412144423224323242313231443244143131424424241231314323132431433233123233244,1
331333221133332332333141413333142243111331413323144344323121444313313313132124234111142422232423123311121323313134311122233223313234412114124324144144443314133211414311231424144112314144332444413332444311331433324234232323314333314324323133123432123241431434323124424444431434332313113323342312424324241324322421412443312443434413434442433444344444242441123113331314324313144431442322443314224431111312322422414443144441421324214411414411441413141422411142314443131142411314121114311324411413443143111411131113124342114313323324311333132143414321414141422443423213133231441432222322222222222222222241412144423224323242313231443244143131424424241231314323132431433233123233244332311424123223331332314332332114244324441321214424243133133124332443211222222421222222242141413414422231231242213331443244232,0
112114314314414111433333321324323133244144433132413113313332211333323323331414133331422431113314133231443443231214443133133131321242341111424222324231233111213233131343111222332233132344121141243241441444433141332114143112314241441123141443324444133324443113314333242342323233143333143243231331234321232414314343231244244444314343323131133233423124243242413243224214124433124434344134344424334443444442424411231133313143243131444314423224433142244311113123224224144431444414213242144114144114414131414224111423144431311424113141211143113244114134431431114111311131243421143133233243113331321434143214141414224434232131332314414322223222222222222222222414121444232243232423132314432441431314244242412313143231324314332331232332443323114241232233313323143323321142443244413212144242431331331243324432112,1
144433132413113313332211333323323331414133331422431113314133231443443231214443133133131321242341111424222324231233111213233131343111222332233132344121141243241441444433141332114143112314241441123141443324444133324443113314333242342323233143333143243231331234321232414314343231244244444314343323131133233423124243242413243224214124433124434344134344424334443444442424411231133313143243131444314423224433142244311113123224224144431444414213242144114144114414131414224111423144431311424113141211143113244114134431431114111311131243421143133233243113331321434143214141414224434232131332314414322223222222222222222222414121444232243232423132314432441431314244242412313143231324314332331232332443323114241232233313323143323321142443244413212144242431331331243324432112222224212222222421414134144222312312422,1
243123333144141412432414442424124441244121111433311122311444444112122311322244413144142314141231313122114244421113212111111131324131441143311144424114144112333111422331113111141112431444441213443314431224114232312441143314333323144431132413342431142313141322443242333141124311411433314134411133421432433324421442222324441144413141141241314444331441444443244243144443343344242144143243244243144443313444444143143323244312232444143223123244133244423223142411331224223112123423344441314312311123123312243224441344311444441324214124442411114143142314144133144233231433333314333333143332331442333314333233144233331433311333224233221331411342242222314411423241114131141431411142314233312441122223432233313144232324321444443244442244442444442442444332433322331124412331323131422233121442324111124222332413231,0
444131441423141412313131221142444211132121111111313241314411433111444241141441123331114223311131111411124314444412134433144312241142323124411433143333231444311324133424311423131413224432423331411243114114333141344111334214324333244214422223244411444131411412413144443314414444432442431444433433442421441432432442431444433134444441431433232443122324441432231232441332444232231424113312242231121234233444413143123111231233122432244413443114444413242141244424111141431423141441331442332314333333143333331433323314423333143332331442333314333113332242332213314113422422223144114232411141311414314111423142333124411222234322333131442323243214444432444422444424444424424443324333223311244123313231314222331214423241111242223324132314144444323413432144123241324344323323312443142413334411443142324432432431141,0
444131441423141412313131221142444211132121111111313241314411433111444241141441123331114223311131111411124314444412134433144312241142323124411433143333231444311324133424311423131413224432423331411243114114333141344111334214324333244214422223244411444131411412413144443314414444432442431444433433442421441432432442431444433134444441431433232443122324441432231232441332444232231424113312242231121234233444413143123111231233122432244413443114444413242141244424111141431423141441331442332314333333143333331433323314423333143332331442333314333113332242332213314113422422223144114232411141311414314111423142333124411222234322333131442323243214444432444422444424444424424443324333223311244123313231314222331214423241111242223324132314144444323413432144123241324344323323312443142413334411443142324432432431141,0
144313111313431332311143242233423331421412213313213231441214411114141143114144314211441112314423321332423331222111111331443233123213233311331333224233222324414332114323314323314421442441441411433131442211414423331114331414111141111324142444143142114414122333343344441242412414144244124442142142124411411123442114144244433314444231414431143141443244443131431443314242431444244311424432332413324414232233142424124124424144124443323344223124334333124314411324221313124214224214244124424421314231414331133214414121131314433311412414433142434332244441413324244311431444414433222222222222222241412441123234323242343331443244142431424434241232314323132431143233133433314422313433122323322332314332333414214324441321314424333143133134333443211222222222421222223142141413444422231334221433144124423234123233311,1
423331421412213313213231441214411114141143114144314211441112314423321332423331222111111331443233123213233311331333224233222324414332114323314323314421442441441411433131442211414423331114331414111141111324142444143142114414122333343344441242412414144244124442142142124411411123442114144244433314444231414431143141443244443131431443314242431444244311424432332413324414232233142424124124424144124443323344223124334333124314411324221313124214224214244124424421314231414331133214414121131314433311412414433142434332244441413324244311431444414433222222222222222241412441123234323242343331443244142431424434241232314323132431143233133433314422313433122323322332314332333414214324441321314424333143133134333443211222222222421222223142141413444422231334221433144124423234123233311332342412334332433224433233311,1
423222414431231324333332412443111243333112243144211113142311411411113443122224142422141324411132223313224121141442333114132214213324114442411121223233123314244222322322244324444141441432442422422444314243214411141443114411144241211114241123241443121132431333224423233233133432232242332432243221332343221424323332444443143234244241443233332223224344141223232233232424343344232323331441314431311131343133231114324223342333142141221331321323144121441111414114311414431421144111231442332133242333122211111133144323312321323331133133322423322232441433211432331432331442144244144141143313144221141442333111433141411114111132414244414314211441412233334334444124241241414424412444214214212441141112344211414424443331444423141443114314144324444313143144331424243144424431142443233241332441423223314242412412442,1
143323242114322314222222311324243112142211133312221322243131232312444422121444144231112114314314414111433333321324323133244144433132413113313332211333323323331414133331422431113314133231443443231214443133133131321242341111424222324231233111213233131343111222332233132344121141243241441444433141332114143112314241441123141443324444133324443113314333242342323233143333143243231331234321232414314343231244244444314343323131133233423124243242413243224214124433124434344134344424334443444442424411231133313143243131444314423224433142244311113123224224144431444414213242144114144114414131414224111423144431311424113141211143113244114134431431114111311131243421143133233243113331321434143214141414224434232131332314414322223222222222222222222414121444232243232423132314432441431314244242412313143231324314332,1
131133144143312242322241443123132433333241244311124333311224314421111314231141141111344312222414242214132441113222331322412114144233311413221421332411444241112122323312331424422232232224432444414144143244242242244431424321441114144311441114424121111424112324144312113243133322442323323313343223224233243224322133234322142432333244444314323424424144323333222322434414122323223323242434334423232333144131443131113134313323111432422334233314214122133132132314412144111141411431141443142114411123144233213324233312221111113314432331232132333113313332242332223244143321143233143233144214424414414114331314422114144233311143314141111411113241424441431421144141223333433444412424124141442441244421421421244114111234421141442444333144442314144311431414432444431314314433142424314442443114244323324133244142322,1
122423222414431231324333332412443111243333112243144211113142311411411113443122224142422141324411132223313224121141442333114132214213324114442411121223233123314244222322322244324444141441432442422422444314243214411141443114411144241211114241123241443121132431333224423233233133432232242332432243221332343221424323332444443143234244241443233332223224344141223232233232424343344232323331441314431311131343133231114324223342333142141221331321323144121441111414114311414431421144111231442332133242333122211111133144323312321323331133133322423322232441433211432331432331442144244144141143313144221141442333111433141411114111132414244414314211441412233334334444124241241414424412444214214212441141112344211414424443331444423141443114314144324444313143144331424243144424431142443233241332441423223314242412412,1
142143244413213144243331431331343334432112222222224212222231421414134444222313342214331441244232341232333113323424123343324332244332333111424324441221314431241433132434333143311431444414433322143323242114322314222222311324243112142211133312221322243131232312444422121444144231112114314314414111433333321324323133244144433132413113313332211333323323331414133331422431113314133231443443231214443133133131321242341111424222324231233111213233131343111222332233132344121141243241441444433141332114143112314241441123141443324444133324443113314333242342323233143333143243231331234321232414314343231244244444314343323131133233423124243242413243224214124433124434344134344424334443444442424411231133313143243131444314423224433142244311113123224224144431444414213242144114144114414131414224111423144431311424113,1
141221331321323144121441111414114311414431421144111231442332133242333122211111133144323312321323331133133322423322232441433211432331432331442144244144141143313144221141442333111433141411114111132414244414314211441412233334334444124241241414424412444214214212441141112344211414424443331444423141443114314144324444313143144331424243144424431142443233241332441423223314242412412442414412444332334422312433433312431441132422131312421422421424412442442131423141433113321441412113131443331141241443314243433224444141332424431143144441443322222222222222224141244112323432324234333144324414243142443424123231432313243114323313343331442231343312232332233231433233341421432444132131442433314313313433344321122222222242122222314214141344442223133422143314412442323412323331133234241233433243322443323331114243244,1
333141413333142243111331413323144344323121444313313313132124234111142422232423123311121323313134311122233223313234412114124324144144443314133211414311231424144112314144332444413332444311331433324234232323314333314324323133123432123241431434323124424444431434332313113323342312424324241324322421412443312443434413434442433444344444242441123113331314324313144431442322443314224431111312322422414443144441421324214411414411441413141422411142314443131142411314121114311324411413443143111411131113124342114313323324311333132143414321414141422443423213133231441432222322222222222222222241412144423224323242313231443244143131424424241231314323132431433233123233244332311424123223331332314332332114244324441321214424243133133124332443211222222421222222242141413414422231231242213331443244232241132332444323144,1
311414431421144111231442332133242333122211111133144323312321323331133133322423322232441433211432331432331442144244144141143313144221141442333111433141411114111132414244414314211441412233334334444124241241414424412444214214212441141112344211414424443331444423141443114314144324444313143144331424243144424431142443233241332441423223314242412412442414412444332334422312433433312431441132422131312421422421424412442442131423141433113321441412113131443331141241443314243433224444141332424431143144441443322222222222222224141244112323432324234333144324414243142443424123231432313243114323313343331442231343312232332233231433233341421432444132131442433314313313433344321122222222242122222314214141344442223133422143314412442323412323331133234241233433243322443323331114243244412213144312414331324343331433114,1
423111211431431441411143333332132432313324414443313241311331333221133332332333141413333142243111331413323144344323121444313313313132124234111142422232423123311121323313134311122233223313234412114124324144144443314133211414311231424144112314144332444413332444311331433324234232323314333314324323133123432123241431434323124424444431434332313113323342312424324241324322421412443312443434413434442433444344444242441123113331314324313144431442322443314224431111312322422414443144441421324214411414411441413141422411142314443131142411314121114311324411413443143111411131113124342114313323324311333132143414321414141422443423213133231441432222322222222222222222241412144423224323242313231443244143131424424241231314323132431433233123233244332311424123223331332314332332114244324441321214424243133133124332443,1
241311331333221133332332333141413333142243111331413323144344323121444313313313132124234111142422232423123311121323313134311122233223313234412114124324144144443314133211414311231424144112314144332444413332444311331433324234232323314333314324323133123432123241431434323124424444431434332313113323342312424324241324322421412443312443434413434442433444344444242441123113331314324313144431442322443314224431111312322422414443144441421324214411414411441413141422411142314443131142411314121114311324411413443143111411131113124342114313323324311333132143414321414141422443423213133231441432222322222222222222222241412144423224323242313231443244143131424424241231314323132431433233123233244332311424123223331332314332332114244324441321214424243133133124332443211222222421222222242141413414422231231242213331443,1
111141411431141443142114411123144233213324233312221111113314432331232132333113313332242332223244143321143233143233144214424414414114331314422114144233311143314141111411113241424441431421144141223333433444412424124141442441244421421421244114111234421141442444333144442314144311431414432444431314314433142424314442443114244323324133244142322331424241241244241441244433233442231243343331243144113242213131242142242142441244244213142314143311332144141211313144333114124144331424343322444414133242443114314444144332222222222222222414124411232343232423433314432441424314244342412323143231324311432331334333144223134331223233223323143323334142143244413213144243331431331343334432112222222224212222231421414134444222313342214331441244232341232333113323424123343324332244332333111424324441221314431241433132434,1
141413444422231334221433144124423234123233311332342412334332433224433233311142432444122131443124143313243433314331143144441443332214332324211432231422222231132424311214221113331222132224313123231244442212144414423111211431431441411143333332132432313324414443313241311331333221133332332333141413333142243111331413323144344323121444313313313132124234111142422232423123311121323313134311122233223313234412114124324144144443314133211414311231424144112314144332444413332444311331433324234232323314333314324323133123432123241431434323124424444431434332313113323342312424324241324322421412443312443434413434442433444344444242441123113331314324313144431442322443314224431111312322422414443144441421324214411414411441413141422411142314443131142411314121114311324411413443143111411131113124342114313323324311333,1
243131232312444422121444144231112114314314414111433333321324323133244144433132413113313332211333323323331414133331422431113314133231443443231214443133133131321242341111424222324231233111213233131343111222332233132344121141243241441444433141332114143112314241441123141443324444133324443113314333242342323233143333143243231331234321232414314343231244244444314343323131133233423124243242413243224214124433124434344134344424334443444442424411231133313143243131444314423224433142244311113123224224144431444414213242144114144114414131414224111423144431311424113141211143113244114134431431114111311131243421143133233243113331321434143214141414224434232131332314414322223222222222222222222414121444232243232423132314432441431314244242412313143231324314332331232332443323114241232233313323143323321142443244413,1
441321314424333143133134333443211222222222421222223142141413444422231334221433144124423234123233311332342412334332433224433233311142432444122131443124143313243433314331143144441443332214332324211432231422222231132424311214221113331222132224313123231244442212144414423111211431431441411143333332132432313324414443313241311331333221133332332333141413333142243111331413323144344323121444313313313132124234111142422232423123311121323313134311122233223313234412114124324144144443314133211414311231424144112314144332444413332444311331433324234232323314333314324323133123432123241431434323124424444431434332313113323342312424324241324322421412443312443434413434442433444344444242441123113331314324313144431442322443314224431111312322422414443144441421324214411414411441413141422411142314443131142411314121114,1
212231421221313112212214433332332241413332331432324443244414224344141124431114114212331313234233324442224412422324244121313241443114112424422121441223113344144114132111111124232424314443244413331124141244442314324332224133124114431441241411244112332124432223311332144114431444414214443314411444432414423132313324414241433324323333332443233223331433244431233224142233114433231223143232344113123234114343231343331344123243143113141441444441411421142121213131421332414221111412442231142213112242224132221241344213111143113124312221421411132431322311421332121314324132222111112122212221222122224141244442323132324224333144344414243112442431123224432412243112323343323244442231142412232242433231433233341421432444132131443424243213313133244321122222424222221421414124444322313312422143314432442223311323324,1
332314332333414214324441321314424333143133134333443211222222222421222223142141413444422231334221433144124423234123233311332342412334332433224433233311142432444122131443124143313243433314331143144441443332214332324211432231422222231132424311214221113331222132224313123231244442212144414423111211431431441411143333332132432313324414443313241311331333221133332332333141413333142243111331413323144344323121444313313313132124234111142422232423123311121323313134311122233223313234412114124324144144443314133211414311231424144112314144332444413332444311331433324234232323314333314324323133123432123241431434323124424444431434332313113323342312424324241324322421412443312443434413434442433444344444242441123113331314324313144431442322443314224431111312322422414443144441421324214411414411441413141422411142314,1
433333241244311124333311224314421111314231141141111344312222414242214132441113222331322412114144233311413221421332411444241112122323312331424422232232224432444414144143244242242244431424321441114144311441114424121111424112324144312113243133322442323323313343223224233243224322133234322142432333244444314323424424144323333222322434414122323223323242434334423232333144131443131113134313323111432422334233314214122133132132314412144111141411431141443142114411123144233213324233312221111113314432331232132333113313332242332223244143321143233143233144214424414414114331314422114144233311143314141111411113241424441431421144141223333433444412424124141442441244421421421244114111234421141442444333144442314144311431414432444431314314433142424314442443114244323324133244142322331424241241244241441244433233442,1
441111414114311414431421144111231442332133242333122211111133144323312321323331133133322423322232441433211432331432331442144244144141143313144221141442333111433141411114111132414244414314211441412233334334444124241241414424412444214214212441141112344211414424443331444423141443114314144324444313143144331424243144424431142443233241332441423223314242412412442414412444332334422312433433312431441132422131312421422421424412442442131423141433113321441412113131443331141241443314243433224444141332424431143144441443322222222222222224141244112323432324234333144324414243142443424123231432313243114323313343331442231343312232332233231433233341421432444132131442433314313313433344321122222222242122222314214141344442223133422143314412442323412323331133234241233433243322443323331114243244412213144312414331324,1
444422121444144231112114314314414111433333321324323133244144433132413113313332211333323323331414133331422431113314133231443443231214443133133131321242341111424222324231233111213233131343111222332233132344121141243241441444433141332114143112314241441123141443324444133324443113314333242342323233143333143243231331234321232414314343231244244444314343323131133233423124243242413243224214124433124434344134344424334443444442424411231133313143243131444314423224433142244311113123224224144431444414213242144114144114414131414224111423144431311424113141211143113244114134431431114111311131243421143133233243113331321434143214141414224434232131332314414322223222222222222222222414121444232243232423132314432441431314244242412313143231324314332331232332443323114241232233313323143323321142443244413212144242431,1
222132224313123231244442212144414423111211431431441411143333332132432313324414443313241311331333221133332332333141413333142243111331413323144344323121444313313313132124234111142422232423123311121323313134311122233223313234412114124324144144443314133211414311231424144112314144332444413332444311331433324234232323314333314324323133123432123241431434323124424444431434332313113323342312424324241324322421412443312443434413434442433444344444242441123113331314324313144431442322443314224431111312322422414443144441421324214411414411441413141422411142314443131142411314121114311324411413443143111411131113124342114313323324311333132143414321414141422443423213133231441432222322222222222222222241412144423224323242313231443244143131424424241231314323132431433233123233244332311424123223331332314332332114244,1
432313324414443313241311331333221133332332333141413333142243111331413323144344323121444313313313132124234111142422232423123311121323313134311122233223313234412114124324144144443314133211414311231424144112314144332444413332444311331433324234232323314333314324323133123432123241431434323124424444431434332313113323342312424324241324322421412443312443434413434442433444344444242441123113331314324313144431442322443314224431111312322422414443144441421324214411414411441413141422411142314443131142411314121114311324411413443143111411131113124342114313323324311333132143414321414141422443423213133231441432222322222222222222222241412144423224323242313231443244143131424424241231314323132431433233123233244332311424123223331332314332332114244324441321214424243133133124332443211222222421222222242141413414422,1
421412213313213231441214411114141143114144314211441112314423321332423331222111111331443233123213233311331333224233222324414332114323314323314421442441441411433131442211414423331114331414111141111324142444143142114414122333343344441242412414144244124442142142124411411123442114144244433314444231414431143141443244443131431443314242431444244311424432332413324414232233142424124124424144124443323344223124334333124314411324221313124214224214244124424421314231414331133214414121131314433311412414433142434332244441413324244311431444414433222222222222222241412441123234323242343331443244142431424434241232314323132431143233133433314422313433122323322332314332333414214324441321314424333143133134333443211222222222421222223142141413444422231334221433144124423234123233311332342412334332433224433233311142432,1
231244442212144414423111211431431441411143333332132432313324414443313241311331333221133332332333141413333142243111331413323144344323121444313313313132124234111142422232423123311121323313134311122233223313234412114124324144144443314133211414311231424144112314144332444413332444311331433324234232323314333314324323133123432123241431434323124424444431434332313113323342312424324241324322421412443312443434413434442433444344444242441123113331314324313144431442322443314224431111312322422414443144441421324214411414411441413141422411142314443131142411314121114311324411413443143111411131113124342114313323324311333132143414321414141422443423213133231441432222322222222222222222241412144423224323242313231443244143131424424241231314323132431433233123233244332311424123223331332314332332114244324441321214424,1
244242232411422142214321311331441433122423222414431231324333332412443111243333112243144211113142311411411113443122224142422141324411132223313224121141442333114132214213324114442411121223233123314244222322322244324444141441432442422422444314243214411141443114411144241211114241123241443121132431333224423233233133432232242332432243221332343221424323332444443143234244241443233332223224344141223232233232424343344232323331441314431311131343133231114324223342333142141221331321323144121441111414114311414431421144111231442332133242333122211111133144323312321323331133133322423322232441433211432331432331442144244144141143313144221141442333111433141411114111132414244414314211441412233334334444124241241414424412444214214212441141112344211414424443331444423141443114314144324444313143144331424243144424431,1
321323144121441111414114311414431421144111231442332133242333122211111133144323312321323331133133322423322232441433211432331432331442144244144141143313144221141442333111433141411114111132414244414314211441412233334334444124241241414424412444214214212441141112344211414424443331444423141443114314144324444313143144331424243144424431142443233241332441423223314242412412442414412444332334422312433433312431441132422131312421422421424412442442131423141433113321441412113131443331141241443314243433224444141332424431143144441443322222222222222224141244112323432324234333144324414243142443424123231432313243114323313343331442231343312232332233231433233341421432444132131442433314313313433344321122222222242122222314214141344442223133422143314412442323412323331133234241233433243322443323331114243244412213144,1
214221432131133144143312242322241443123132433333241244311124333311224314421111314231141141111344312222414242214132441113222331322412114144233311413221421332411444241112122323312331424422232232224432444414144143244242242244431424321441114144311441114424121111424112324144312113243133322442323323313343223224233243224322133234322142432333244444314323424424144323333222322434414122323223323242434334423232333144131443131113134313323111432422334233314214122133132132314412144111141411431141443142114411123144233213324233312221111113314432331232132333113313332242332223244143321143233143233144214424414414114331314422114144233311143314141111411113241424441431421144141223333433444412424124141442441244421421421244114111234421141442444333144442314144311431414432444431314314433142424314442443114244323324133,1
324422142134424114244433332133214112424432412242111321133322113243114113122232213123233311131233323131421111133221111232114324421242332132333312332332333313113111131331424314433113224223142441433334441311143111244114233244424322324134313133212243114311444223111413331111333111124431444414441414124444424441443242314244441131141142441411242314232414231443332232423224113124142222221244344414421413241333222224413223144244324214414131411431444144141412413123131241424141444232424333322223332413311243222411444332114432444131134441122311123114124424433131333312431112124222132414313323141421221424242122142323421123223332213333122221322212221232222224141344142223132322422433314432441424211244241412323143231334311332324332333444223114341223233243323143323334142144214324441221314431243123133134333443213,0
413213144243331431331343334432112222222224212222231421414134444222313342214331441244232341232333113323424123343324332244332333111424324441221314431241433132434333143311431444414433322143323242114322314222222311324243112142211133312221322243131232312444422121444144231112114314314414111433333321324323133244144433132413113313332211333323323331414133331422431113314133231443443231214443133133131321242341111424222324231233111213233131343111222332233132344121141243241441444433141332114143112314241441123141443324444133324443113314333242342323233143333143243231331234321232414314343231244244444314343323131133233423124243242413243224214124433124434344134344424334443444442424411231133313143243131444314423224433142244311113123224224144431444414213242144114144114414131414224111423144431311424113141211143,1
332423331222111111331443233123213233311331333224233222324414332114323314323314421442441441411433131442211414423331114331414111141111324142444143142114414122333343344441242412414144244124442142142124411411123442114144244433314444231414431143141443244443131431443314242431444244311424432332413324414232233142424124124424144124443323344223124334333124314411324221313124214224214244124424421314231414331133214414121131314433311412414433142434332244441413324244311431444414433222222222222222241412441123234323242343331443244142431424434241232314323132431143233133433314422313433122323322332314332333414214324441321314424333143133134333443211222222222421222223142141413444422231334221433144124423234123233311332342412334332433224433233311142432444122131443124143313243433314331143144441443332214332324211432,0
111114111142232431233331441414124324144424241244412441211114333111223114444441121223113222444131441423141412313131221142444211132121111111313241314411433111444241141441123331114223311131111411124314444412134433144312241142323124411433143333231444311324133424311423131413224432423331411243114114333141344111334214324333244214422223244411444131411412413144443314414444432442431444433433442421441432432442431444433134444441431433232443122324441432231232441332444232231424113312242231121234233444413143123111231233122432244413443114444413242141244424111141431423141441331442332314333333143333331433323314423333143332331442333314333113332242332213314113422422223144114232411141311414314111423142333124411222234322333131442323243214444432444422444424444424424443324333223311244123313231314222331214423241111,0
111321211111113132413144114331114442411414411233311142233111311114111243144444121344331443122411423231244114331433332314443113241334243114231314132244324233314112431141143331413441113342143243332442144222232444114441314114124131444433144144444324424314444334334424214414324324424314444331344444414314332324431223244414322312324413324442322314241133122422311212342334444131431231112312331224322444134431144444132421412444241111414314231414413314423323143333331433333314333233144233331433323314423333143331133322423322133141134224222231441142324111413114143141114231423331244112222343223331314423232432144444324444224444244444244244433243332233112441233132313142223312144232411112422233241323141444443234134321441232413243443233233124431424133344114431423244324324311414411114244441233143124141313223311,0
244433224114221414111122311314241444131432233324422142134424114244433332133214112424432412242111321133322113243114113122232213123233311131233323131421111133221111232114324421242332132333312332332333313113111131331424314433113224223142441433334441311143111244114233244424322324134313133212243114311444223111413331111333111124431444414441414124444424441443242314244441131141142441411242314232414231443332232423224113124142222221244344414421413241333222224413223144244324214414131411431444144141412413123131241424141444232424333322223332413311243222411444332114432444131134441122311123114124424433131333312431112124222132414313323141421221424242122142323421123223332213333122221322212221232222224141344142223132322422433314432441424211244241412323143231334311332324332333444223114341223233243323143323334,1
144324423224113233244432314424123243324332244332322241414243244412243144242414331331143324423144143221222231111433114411213134244124114111114111142232431233331441414124324144424241244412441211114333111223114444441121223113222444131441423141412313131221142444211132121111111313241314411433111444241141441123331114223311131111411124314444412134433144312241142323124411433143333231444311324133424311423131413224432423331411243114114333141344111334214324333244214422223244411444131411412413144443314414444432442431444433433442421441432432442431444433134444441431433232443122324441432231232441332444232231424113312242231121234233444413143123111231233122432244413443114444413242141244424111141431423141441331442332314333333143333331433323314423333143332331442333314333113332242332213314113422422223144114232,1
241433133114332442314414322122223111143311441121313424412411411111411114223243123333144141412432414442424124441244121111433311122311444444112122311322244413144142314141231313122114244421113212111111131324131441143311144424114144112333111422331113111141112431444441213443314431224114232312441143314333323144431132413342431142313141322443242333141124311411433314134411133421432433324421442222324441144413141141241314444331441444443244243144443343344242144143243244243144443313444444143143323244312232444143223123244133244423223142411331224223112123423344441314312311123123312243224441344311444441324214124442411114143142314144133144233231433333314333333143332331442333314333233144233331433311333224233221331411342242222314411423241114131141431411142314233312441122223432233313144232324321444443244442244,1
433232224141424324441224314424241433133114332442314414322122223111143311441121313424412411411111411114223243123333144141412432414442424124441244121111433311122311444444112122311322244413144142314141231313122114244421113212111111131324131441143311144424114144112333111422331113111141112431444441213443314431224114232312441143314333323144431132413342431142313141322443242333141124311411433314134411133421432433324421442222324441144413141141241314444331441444443244243144443343344242144143243244243144443313444444143143323244312232444143223123244133244423223142411331224223112123423344441314312311123123312243224441344311444441324214124442411114143142314144133144233231433333314333333143332331442333314333233144233331433311333224233221331411342242222314411423241114131141431411142314233312441122223432233,1
324332244332322241414243244412243144242414331331143324423144143221222231111433114411213134244124114111114111142232431233331441414124324144424241244412441211114333111223114444441121223113222444131441423141412313131221142444211132121111111313241314411433111444241141441123331114223311131111411124314444412134433144312241142323124411433143333231444311324133424311423131413224432423331411243114114333141344111334214324333244214422223244411444131411412413144443314414444432442431444433433442421441432432442431444433134444441431433232443122324441432231232441332444232231424113312242231121234233444413143123111231233122432244413443114444413242141244424111141431423141441331442332314333333143333331433323314423333143332331442333314333113332242332213314113422422223144114232411141311414314111423142333124411222,1
444112122311322244413144142314141231313122114244421113212111111131324131441143311144424114144112333111422331113111141112431444441213443314431224114232312441143314333323144431132413342431142313141322443242333141124311411433314134411133421432433324421442222324441144413141141241314444331441444443244243144443343344242144143243244243144443313444444143143323244312232444143223123244133244423223142411331224223112123423344441314312311123123312243224441344311444441324214124442411114143142314144133144233231433333314333333143332331442333314333233144233331433311333224233221331411342242222314411423241114131141431411142314233312441122223432233313144232324321444443244442244442444442442444332433322331124412331323131422233121442324111124222332413231414444432341343214412324132434432332331244314241333441144314,0
441121313424412411411111411114223243123333144141412432414442424124441244121111433311122311444444112122311322244413144142314141231313122114244421113212111111131324131441143311144424114144112333111422331113111141112431444441213443314431224114232312441143314333323144431132413342431142313141322443242333141124311411433314134411133421432433324421442222324441144413141141241314444331441444443244243144443343344242144143243244243144443313444444143143323244312232444143223123244133244423223142411331224223112123423344441314312311123123312243224441344311444441324214124442411114143142314144133144233231433333314333333143332331442333314333233144233331433311333224233221331411342242222314411423241114131141431411142314233312441122223432233313144232324321444443244442244442444442442444332433322331124412331323131,0
443231442412324332433224433232224141424324441224314424241433133114332442314414322122223111143311441121313424412411411111411114223243123333144141412432414442424124441244121111433311122311444444112122311322244413144142314141231313122114244421113212111111131324131441143311144424114144112333111422331113111141112431444441213443314431224114232312441143314333323144431132413342431142313141322443242333141124311411433314134411133421432433324421442222324441144413141141241314444331441444443244243144443343344242144143243244243144443313444444143143323244312232444143223123244133244423223142411331224223112123423344441314312311123123312243224441344311444441324214124442411114143142314144133144233231433333314333333143332331442333314333233144233331433311333224233221331411342242222314411423241114131141431411142,0
242122111233122223113221311212222311322134134142221231441142113133123421142311421431232421231443111423121411331222231243232322211311222232222241114324423244233222111121212122124421211422442422324114221422143213113314414331224232224144312313243333324124431112433331122431442111131423114114111134431222241424221413244111322233132241211414423331141322142133241144424111212232331233142442223223222443244441414414324424224224443142432144111414431144111442412111142411232414431211324313332244232332331334322322423324322432213323432214243233324444431432342442414432333322232243441412232322332324243433442323233314413144313111313431332311143242233423331421412213313213231441214411114141143114144314211441112314423321332423331222111111331443233123213233311331333224233222324414332114323314323314421442441441411,0
244414322312324413324442322314241133122422311212342334444131431231112312331224322444134431144444132421412444241111414314231414413314423323143333331433333314333233144233331433323314423333143331133322423322133141134224222231441142324111413114143141114231423331244112222343223331314423232432144444324444224444244444244244433243332233112441233132313142223312144232411112422233241323141444443234134321441232413243443233233124431424133344114431423244324324311414411114244441233143124141313223311333244423133244433243141411441133333233333113133124331424232414131432344322332424414314411114112443243223131223232322331124222313313113331143132332433331333323133143312431322322241441111413112314141444132233113322333133132111233331141322332111242431333212233311323332233242122222222222222224141244142323232324231,1
231414123131312211424442111321211111113132413144114331114442411414411233311142233111311114111243144444121344331443122411423231244114331433332314443113241334243114231314132244324233314112431141143331413441113342143243332442144222232444114441314114124131444433144144444324424314444334334424214414324324424314444331344444414314332324431223244414322312324413324442322314241133122422311212342334444131431231112312331224322444134431144444132421412444241111414314231414413314423323143333331433333314333233144233331433323314423333143331133322423322133141134224222231441142324111413114143141114231423331244112222343223331314423232432144444324444224444244444244244433243332233112441233132313142223312144232411112422233241323141444443234134321441232413243443233233124431424133344114431423244324324311414411114244,1
443242122314212213131122122144333323322414133323314323244432444142243441411244311141142123313132342333244422244124223242441213132414431141124244221214412231133441441141321111111242324243144432444133311241412444423143243322241331241144314412414112441123321244322233113321441144314444142144433144114444324144231323133244142414333243233333324432332233314332444312332241422331144332312231432323441131232341143432313433313441232431431131414414444414114211421212131314213324142211114124422311422131122422241322212413442131111431131243122214214111324313223114213321213143241322221111121222122212221222241412444423231323242243331443444142431124424311232244324122431123233433232444422311424122322424332314332333414214324441321314434242432133131332443211222224242222214214141244443223133124221433144324422233113,1
